YEAR,POP_0,POP_1,POP_2,POP_3,POP_4,POP_5,POP_6,POP_7,POP_8,POP_9,POP_10,POP_11,POP_12,POP_13,POP_14,POP_15,POP_16,POP_17,POP_18,POP_19,POP_20,POP_21,POP_22,POP_23,POP_24,POP_25,POP_26,POP_27,POP_28,POP_29,POP_30,POP_31,POP_32,POP_33,POP_34,POP_35,POP_36,POP_37,POP_38,POP_39,POP_40,POP_41,POP_42,POP_43,POP_44,POP_45,POP_46,POP_47,POP_48,POP_49,POP_50,POP_51,POP_52,POP_53,POP_54,POP_55,POP_56,POP_57,POP_58,POP_59,POP_60,POP_61,POP_62,POP_63,POP_64,POP_65,POP_66,POP_67,POP_68,POP_69,POP_70,POP_71,POP_72,POP_73,POP_74,POP_75,POP_76,POP_77,POP_78,POP_79,POP_80,POP_81,POP_82,POP_83,POP_84,POP_85,POP_86,POP_87,POP_88,POP_89,POP_90,POP_91,POP_92,POP_93,POP_94,POP_95,POP_96,POP_97,POP_98,POP_99,POP_100
2016,3970145,3995008,3992154,3982074,3987656,4032515,4029655,4029991,4159114,4178524,4144019,4131222,4139558,4109703,4093731,4196991,4265224,4205001,4219303,4243480,4286221,4386854,4480904,4552952,4674097,4758352,4747254,4559206,4451507,4374565,4392155,4423807,4283076,4345786,4341535,4293125,4375562,4103498,4022119,3979601,3862150,3979596,3854553,3912307,4087645,4319616,4371961,4142964,4055074,4058008,4131293,4375892,4452636,4445605,4433630,4484565,4518758,4362807,4332953,4281025,4123968,4083962,3911429,3757382,3606295,3490890,3403647,3295266,3251936,3378344,2487211,2445650,2371252,2413647,2092487,1900211,1784266,1664566,1578915,1439937,1358260,1284298,1135109,1079082,1008890,938333,876190,766479,693882,610338,520906,449986,372625,300000,239313,186408,135797,94311,68972,44895,81896
2017,4054035,3982964,4008116,4003478,3992207,3997392,4042440,4040047,4041063,4170685,4190108,4155219,4142074,4150730,4121794,4108277,4215342,4288196,4233261,4251108,4277774,4321626,4422467,4516236,4587291,4707566,4790058,4777149,4587850,4477889,4398868,4413258,4442014,4298767,4359491,4353713,4303531,4383641,4111179,4028537,3984541,3865650,3981593,3855725,3912585,4086265,4315712,4365407,4134928,4045056,4046013,4116949,4358883,4433952,4425934,4412773,4461817,4493975,4337169,4305372,4251447,4092912,4050176,3876056,3720444,3567687,3449965,3359750,3249376,3202397,3322076,2442787,2397598,2319958,2355941,2037902,1845534,1727722,1606350,1517812,1378128,1293376,1215828,1067366,1006951,933492,860398,795555,688525,616024,534781,449945,382669,311525,246219,192531,146801,104540,70840,50486,83574
2018,4075563,4068172,3995888,4019345,4013649,4001995,4007421,4052927,4051175,4052752,4182356,4201452,4166128,4153355,4163009,4136524,4127018,4238674,4316526,4265709,4285871,4313525,4357896,4458227,4551400,4621327,4739992,4820454,4805708,4614495,4502236,4420352,4431928,4457882,4312997,4371920,4364340,4312313,4390538,4117661,4033632,3988017,3868194,3982657,3856316,3911959,4083352,4309706,4356542,4124836,4033282,4032485,4101693,4341119,4414648,4405551,4391051,4438175,4467892,4310232,4276279,4219953,4059664,4013995,3838330,3681103,3526404,3406382,3313266,3200623,3149795,3262161,2395309,2346213,2265372,2294638,1979846,1787596,1667825,1544687,1453127,1312814,1224880,1143790,996514,932170,856482,781737,715160,611713,540235,462335,382993,320285,256011,198354,151848,113165,78659,51938,86221
2019,4095614,4089881,4082231,4006967,4029427,4023461,4012057,4017972,4064123,4062890,4064631,4193833,4212469,4177496,4165769,4177960,4155502,4150810,4267452,4349076,4301156,4322123,4350162,4394289,4493828,4586190,4654316,4771037,4849468,4832291,4639056,4523767,4439360,4448246,4472242,4325927,4382807,4373352,4319887,4396212,4122808,4037231,3990513,3869809,3983126,3856029,3909826,4078377,4301376,4345510,4112985,4019996,4018048,4085765,4322783,4394677,4384337,4368454,4413272,4440486,4281761,4245285,4186210,4023983,3975371,3798127,3639026,3482418,3360142,3263891,3148763,3093739,3198266,2344536,2291473,2207291,2229517,1918247,1726158,1604385,1479385,1384715,1243788,1152809,1068395,923012,855747,778704,703240,635873,536880,467488,393919,320884,263533,206526,156654,117240,85265,57778,87671
2020,4113164,4110117,4104058,4094281,4016919,4039164,4033531,4022626,4029209,4075879,4074733,4076315,4205008,4223909,4190013,4180890,4197186,4179617,4180135,4300527,4384632,4338146,4359234,4386967,4430497,4529025,4619893,4685941,4800614,4876514,4856771,4660832,4542808,4455998,4463007,4485228,4337294,4392096,4381171,4326220,4400565,4126454,4039827,3992089,3870851,3982690,3854262,3905661,4071128,4290890,4332660,4099623,4005824,4002980,4069319,4303838,4373935,4362272,4344637,4387070,4411539,4251390,4212048,4149974,3985841,3934139,3755158,3594166,3435726,3310982,3211395,3093441,3033884,3130130,2290416,2233196,2145506,2160437,1852886,1661013,1537134,1410262,1312397,1171078,1077340,990131,847852,778518,701025,625755,558560,464985,398712,330389,264318,212880,163348,121128,88491,62724,92064
2021,4127525,4127842,4124416,4116205,4105035,4026556,4049172,4044099,4033860,4040982,4087777,4086372,4087676,4216581,4236505,4205270,4200326,4221634,4209336,4213861,4336645,4421766,4375952,4396486,4423591,4466248,4563143,4652142,4716116,4828163,4901434,4878458,4680107,4559497,4471082,4476392,4496649,4347057,4400186,4387763,4331231,4403495,4129067,4041520,3993077,3871017,3980747,3850472,3899258,4061770,4278602,4318286,4085369,3991050,3987451,4052319,4284151,4352403,4339037,4319573,4359325,4380641,4218754,4176281,4111173,3945080,3890017,3709353,3546511,3386045,3258649,3155415,3034348,2969998,3057634,2232771,2171178,2079886,2087150,1783547,1591883,1465872,1337153,1236193,1094889,998939,910054,771847,701346,624288,550142,484225,396958,334771,272457,213764,168612,126502,91564,65221,98160
2022,4139039,4142382,4142254,4136660,4127020,4115321,4036489,4059689,4055322,4045609,4052883,4099479,4097721,4099405,4229339,4251870,4224895,4225046,4251751,4243518,4250687,4374374,4459740,4413867,4433548,4459696,4500899,4595831,4682865,4744241,4853502,4923497,4897614,4697027,4574642,4484789,4488229,4506489,4355605,4407052,4393007,4334803,4405446,4130784,4042621,3993170,3869712,3976745,3844444,3890778,4050655,4264820,4303009,4070530,3975842,3971415,4034644,4263691,4329741,4314560,4292988,4329627,4347377,4183553,4137923,4069658,3901421,3842987,3660676,3495790,3333103,3202742,3095605,2971226,2901984,2980548,2171394,2105272,2010177,2009409,1709864,1518571,1390458,1260063,1156314,1015712,918670,829014,695831,625049,549331,477362,413808,333649,276396,220621,169538,130778,95792,67596,103774
2023,4147758,4154076,4156909,4154588,4147538,4137347,4125778,4046953,4070870,4067066,4057473,4064559,4110900,4109449,4112330,4244861,4271643,4249886,4255496,4286407,4280796,4289176,4412927,4497857,4451532,4470058,4494674,4534059,4627012,4711511,4770116,4875956,4942955,4914448,4712336,4588430,4496972,4498515,4515109,4362938,4412597,4396784,4337365,4406569,4131905,4042832,3991794,3866390,3970470,3836358,3880595,4038110,4250164,4287166,4055269,3960176,3954766,4016261,4242150,4305875,4288580,4264484,4297589,4311445,4145741,4096797,4025170,3854829,3792992,3608853,3441741,3276541,3142936,3031719,2903967,2829608,2898630,2106139,2035239,1936117,1926807,1631626,1440986,1310877,1179191,1073249,934614,837385,747906,620615,550460,477110,408345,348195,275781,224099,175204,131682,99192,70843,108974
2024,4154108,4162971,4168717,4169332,4165525,4157904,4147828,4136675,4058091,4082553,4078894,4069125,4075946,4122675,4122411,4128065,4264799,4296850,4280674,4290546,4324168,4319777,4328450,4451637,4535742,4488571,4505436,4528144,4565616,4656110,4737870,4793097,4895790,4960104,4929680,4726249,4600701,4507616,4507583,4522497,4368961,4416690,4399491,4339085,4407111,4132111,4041569,3988376,3860835,3962111,3826613,3869048,4024750,4234977,4270925,4039586,3943936,3937451,3996895,4219436,4280520,4260687,4233662,4262903,4272812,4105154,4052671,3977712,3805296,3739770,3553602,3383956,3215994,3078960,2963648,2832386,2752640,2811624,2036777,1960846,1857308,1839087,1548770,1359088,1227344,1095024,988125,852450,755964,667574,547019,478523,408546,343970,288149,223875,178209,136274,100030,73482,114493
2025,4158795,4169495,4177722,4181225,4180328,4175929,4168415,4158746,4148184,4069757,4094343,4090541,4080558,4087738,4135695,4138216,4148262,4290235,4327918,4316130,4328721,4363627,4359531,4367839,4490127,4573003,4524491,4539331,4560049,4595102,4682890,4761327,4813443,4913329,4975685,4943534,4738710,4611463,4517058,4515429,4528559,4373560,4419693,4401339,4340209,4406731,4130832,4038272,3982695,3853247,3952083,3815584,3856754,4010950,4219456,4254301,4023338,3927059,3919194,3976467,4195280,4253262,4230464,4200229,4225565,4231331,4061595,4005573,3927257,3752598,3683044,3494529,3322098,3151232,3010697,2891244,2756258,2670909,2719250,1963082,1881659,1773539,1746214,1461274,1273103,1140365,1008736,901822,770102,675259,588914,475977,410170,344518,284978,234217,178269,138820,103674,74220,119806
2026,4162506,4174374,4184383,4190355,4192326,4190821,4186520,4179415,4170335,4160211,4081719,4106132,4102104,4092488,4100908,4151654,4158594,4174066,4321655,4363774,4354821,4368722,4403902,4399453,4407024,4528013,4609267,4558937,4571769,4590021,4622421,4706898,4782212,4831592,4929379,4989948,4956030,4749765,4621154,4525374,4522008,4533243,4377134,4421893,4402609,4340430,4404872,4127554,4032742,3974994,3844059,3940776,3803882,3844112,3996923,4203626,4237206,4006488,3909309,3899915,3954724,4169311,4223757,4197680,4164204,4185501,4186915,4015120,3955548,3873632,3696537,3622529,3431406,3256022,3082242,2938091,2814389,2675423,2584234,2621255,1884602,1797507,1684804,1648172,1369388,1183547,1051161,921204,815258,688421,596178,512913,408405,346269,285776,231933,186762,139061,105777,77053,123654
2027,4165252,4178275,4189406,4197138,4201555,4202913,4201498,4197605,4191091,4182445,4172266,4093533,4117762,4114131,4105777,4117041,4172234,4184660,4205922,4357910,4402865,4395310,4409514,4444303,4439106,4445522,4564799,4644026,4591742,4602097,4617694,4646857,4728204,4800742,4848112,4944014,5002700,4966991,4759573,4629612,4532326,4527081,4536765,4379789,4423450,4402950,4339179,4400934,4122040,4025197,3965675,3833611,3928767,3791832,3831248,3982618,4187293,4219486,3988760,3890553,3879317,3931220,4141058,4191619,4162253,4125400,4142445,4139486,3965649,3902275,3816433,3636577,3557722,3363839,3185477,3008715,2860798,2732642,2589467,2492083,2516776,1801024,1708271,1590998,1545165,1273625,1091618,960609,833331,729320,608304,519696,440546,345157,287573,232883,185193,145904,106124,78746,128026
2028,4166643,4181210,4193447,4202280,4208440,4212232,4213676,4212663,4209367,4203289,4194579,4184170,4105205,4129854,4127520,4122039,4137822,4198546,4216826,4242669,4397429,4443776,4436589,4450421,4484418,4478052,4482884,4600054,4677121,4622415,4630095,4642457,4668564,4747127,4817623,4863203,4957122,5013906,4976685,4768124,4636682,4537745,4530970,4539355,4381783,4424070,4401805,4335874,4394671,4114497,4016028,3955080,3822481,3916413,3779587,3818166,3967879,4170361,4200857,3970011,3870495,3856994,3905524,4110193,4156825,4124038,4083649,4096407,4089015,3912940,3845419,3755217,3572307,3488312,3291655,3110251,2930386,2778535,2645676,2498010,2393727,2405460,1712330,1613868,1492338,1437780,1175287,998223,869628,746032,644961,530746,446796,372733,286984,234651,186207,144887,111524,79131,132009
2029,4166916,4182788,4196520,4206437,4213681,4219205,4223078,4224927,4224510,4221649,4215507,4206563,4195941,4117347,4143317,4143897,4142975,4164384,4231014,4253925,4282712,4438780,4485475,4477965,4491016,4523797,4515837,4518679,4633613,4708050,4650719,4655150,4664457,4687860,4764381,4833055,4876756,4968677,5023831,4985099,4775266,4642201,4541953,4533906,4541268,4382836,4423203,4398599,4330284,4386310,4105325,4005587,3943795,3811027,3903871,3767145,3804696,3952604,4152548,4181174,3949948,3848708,3832512,3877314,4076693,4119242,4082875,4038958,4047347,4035239,3856650,3784517,3689555,3503411,3414133,3214654,3030082,2846963,2690952,2553099,2400304,2288837,2287372,1618419,1514499,1389382,1327464,1075337,904323,779159,660253,563222,456742,378411,310285,234462,187885,145895,110914,83296,134823
2030,4166587,4183242,4198230,4209626,4217936,4224535,4230133,4234407,4236850,4236872,4233942,4227563,4218411,4208208,4130876,4159781,4164974,4169731,4197143,4268456,4294345,4324600,4480917,4527260,4519009,4530848,4561994,4552028,4552740,4664975,4736585,4676053,4677415,4684029,4705475,4780172,4846934,4888747,4978948,5032469,4992091,4780826,4646486,4545189,4536148,4542217,4382409,4420280,4393096,4322633,4376265,4094877,3994451,3932175,3799401,3891139,3754345,3790746,3936521,4133706,4160120,3928132,3824744,3805540,3846577,4040435,4078713,4038792,3991306,3995021,3977793,3796308,3719139,3619126,3429723,3334976,3132560,2944652,2758077,2597651,2454092,2295996,2177466,2162382,1519503,1410730,1283556,1215280,974770,810869,690191,577076,485154,387244,315361,253831,187983,147425,111861,82975,139553
2031,4166093,4183089,4198816,4211447,4221219,4228875,4235542,4241541,4246410,4249290,4249241,4246074,4239488,4230757,4221909,4147422,4180966,4191902,4202724,4234919,4309240,4336623,4367276,4523138,4568697,4559261,4569473,4598565,4586457,4584572,4693910,4762117,4698566,4697227,4701899,4721609,4794402,4859249,4899452,4987922,5039667,4997486,4785126,4649776,4547710,4537420,4541664,4379949,4415066,4385528,4313333,4364914,4083729,3982978,3920365,3787602,3878044,3741087,3776044,3919477,4113513,4137230,3904101,3798282,3776069,3813198,4001285,4035283,3991770,3940447,3939062,3916189,3731477,3648949,3543758,3351041,3250554,3045037,2853575,2663311,2497768,2348305,2185178,2059479,2030789,1416125,1303999,1175849,1102329,874615,718883,603827,497552,411759,323092,258289,203793,147719,113219,83827,142458
2032,4165925,4182768,4198786,4212142,4223135,4232244,4239954,4247023,4253622,4258926,4261731,4261446,4258071,4251909,4244545,4238697,4168713,4208030,4225101,4240764,4276064,4351897,4379692,4410029,4564999,4609319,4598278,4606443,4633348,4618629,4613944,4719809,4784809,4718609,4715317,4718274,4736173,4807056,4870267,4908862,4995452,5045250,5001605,4788402,4652333,4549251,4537195,4539050,4375226,4407803,4376306,4302744,4352844,4072240,3971319,3908368,3775456,3864480,3727106,3760429,3901152,4091508,4112027,3877521,3769307,3743992,3777059,3959291,3988935,3941569,3886020,3878983,3849961,3661821,3573783,3463239,3267076,3160529,2951694,2756420,2561752,2390956,2235832,2067691,1935139,1893325,1309728,1195307,1067322,989761,775970,629497,521166,422712,343930,264943,207644,160375,113617,84987,144959
2033,4166553,4182766,4198590,4212219,4223922,4234235,4243397,4251510,4259176,4266209,4271439,4274004,4273513,4270566,4265783,4261437,4260310,4195911,4241397,4263380,4282191,4319098,4395341,4422831,4452397,4606027,4648688,4635622,4641597,4665844,4648311,4640255,4742836,4805008,4736915,4731904,4733069,4749151,4818413,4879983,4916812,5001364,5049546,5004692,4790920,4653896,4549292,4534924,4534147,4368473,4398894,4365796,4291436,4340429,4060554,3959470,3896012,3762870,3850181,3712234,3743591,3881083,4067208,4084164,3848383,3737727,3709195,3738226,3914459,3939425,3887815,3827528,3814318,3778774,3587164,3493428,3377273,3177483,3064475,2852065,2652200,2453037,2277333,2116515,1943784,1805119,1751833,1201305,1085711,959071,878800,680043,543860,443276,353462,282376,213272,163632,123543,85423,147440
2034,4168367,4183560,4198709,4212127,4224089,4235104,4245464,4255027,4263734,4271833,4278790,4283778,4286139,4286080,4284524,4282782,4283185,4287923,4229440,4279864,4305064,4325523,4362928,4438855,4465574,4493905,4645776,4686359,4671117,4674432,4695817,4674898,4663659,4763349,4823451,4753699,4746899,4746274,4760826,4828458,4888230,4923135,5005980,5052797,5007005,4792420,4653944,4547289,4530373,4527187,4360098,4388702,4354574,4279789,4327815,4048670,3947255,3883203,3749576,3834979,3696162,3725067,3858799,4040260,4053619,3816593,3703434,3671752,3696711,3866539,3886383,3830012,3764513,3744725,3702433,3507312,3407593,3285493,3081830,2961899,2745086,2540530,2337318,2156733,1990585,1814121,1671205,1607595,1091896,976310,852270,770811,588055,463076,371124,290549,227604,168303,126237,93039,149431
2035,4171492,4185536,4199626,4212350,4224085,4235348,4246406,4257162,4267323,4276460,4284484,4291197,4295979,4298775,4300118,4301624,4304660,4310964,4321942,4268095,4321760,4348666,4369666,4406824,4481960,4507445,4534117,4683805,4722159,4704263,4704715,4722667,4698550,4684527,4782088,4840362,4768880,4760290,4758161,4771189,4837033,4894839,4928146,5009552,5055274,5008285,4792390,4651937,4543023,4523785,4518585,4350454,4377797,4343018,4267942,4314994,4036407,3934576,3869662,3735415,3818549,3678422,3704382,3833947,4010648,4020307,3782045,3666516,3631676,3652283,3815163,3829300,3767690,3696628,3670029,3620757,3421972,3315897,3187454,2979612,2851657,2630360,2421586,2214409,2029375,1858710,1680497,1534600,1461974,982594,868280,748215,667162,501193,388146,305466,234485,179859,130034,95218,156214
2036,4175979,4188812,4201714,4213365,4224391,4235423,4246720,4258174,4269529,4280119,4289172,4296953,4303463,4308682,4312894,4317317,4323627,4332599,4345186,4361140,4310191,4365590,4393087,4413877,4450307,4524177,4548003,4572581,4719935,4755585,4734826,4731844,4746549,4719640,4703599,4799279,4855658,4782448,4772361,4768724,4780070,4843964,4900128,4932110,5012348,5056704,5008002,4790280,4647656,4536736,4515570,4508706,4340108,4366555,4331261,4255884,4301782,4023664,3921170,3855234,3720060,3800413,3658538,3681186,3806529,3978296,3984132,3744838,3626992,3588748,3604585,3759815,3767700,3700500,3623706,3590042,3533445,3330765,3217878,3082621,2869646,2733332,2508101,2295169,2084542,1895929,1722735,1544095,1396579,1316409,874564,762942,648242,569191,420538,319876,246873,185553,139174,98240,162341
2037,4181715,4193451,4205104,4215551,4225489,4235800,4246861,4258553,4270606,4282389,4292896,4301705,4309283,4316235,4322874,4330186,4339444,4351729,4367017,4384618,4403790,4354236,4410247,4437584,4457675,4492884,4565057,4586790,4609120,4753667,4786400,4762215,4755985,4767852,4738927,4721111,4814844,4869329,4794686,4783103,4777807,4787298,4849565,4904360,4935296,5014112,5056564,5005600,4785877,4641339,4528827,4506081,4498107,4329422,4355110,4319295,4243438,4288057,4010182,3906870,3839594,3703050,3780085,3636173,3655500,3776472,3943109,3945193,3704989,3584644,3542616,3553127,3700025,3701234,3628278,3545562,3504465,3440109,3233215,3112997,2969737,2751501,2607155,2378080,2161513,1948385,1758240,1583845,1406180,1258503,1172476,769124,661622,553631,478118,346959,258866,195653,143781,105309,168527
2038,4188292,4199330,4209852,4219041,4227758,4236971,4247303,4258759,4271048,4283528,4295229,4305489,4314098,4322120,4330503,4340260,4352431,4367700,4386340,4406671,4427514,4448368,4399118,4454997,4481668,4500555,4534112,4604146,4623622,4643230,4784757,4814011,4786584,4777523,4787327,4756633,4736986,4828786,4881659,4805584,4792356,4785230,4793197,4854112,4907818,4937449,5014309,5054307,5000871,4779419,4633393,4519653,4495873,4487160,4318534,4343458,4306938,4230497,4273557,3995794,3891357,3822264,3683896,3757214,3611332,3627254,3743702,3905193,3903508,3662267,3539119,3492795,3497450,3635446,3629743,3550849,3461911,3412901,3340249,3128784,2999939,2848349,2625436,2472882,2240525,2021282,1807825,1617510,1443325,1268098,1121846,1031910,667612,565636,465573,394941,281125,205445,151849,108965,177569
2039,4195580,4206046,4215835,4223879,4231326,4239308,4248541,4259263,4271317,4284030,4296431,4307878,4317940,4326995,4336458,4347982,4362622,4380841,4402498,4426214,4449807,4472350,4493743,4444108,4499334,4524822,4542073,4573524,4641258,4658002,4674675,4812617,4838574,4808327,4797213,4805214,4772696,4751231,4841383,4892638,4814988,4799941,4791314,4798041,4857883,4910246,4938056,5012395,5049714,4994052,4771331,4624175,4509766,4485322,4476001,4307437,4331407,4294079,4216788,4258106,3980176,3874154,3802752,3662248,3731804,3583952,3596386,3708335,3864571,3858834,3616314,3489915,3438823,3437224,3565920,3553048,3467924,3372365,3314861,3233278,3016103,2878250,2718760,2491195,2330734,2096121,1876449,1664071,1475014,1302529,1131319,988246,896485,571337,476194,385045,320411,223408,159695,115275,186098
2040,4203337,4213469,4222656,4229955,4236241,4242944,4250942,4260562,4271879,4284360,4296990,4309137,4320388,4330894,4341407,4354022,4370458,4391176,4415821,4442581,4469579,4494888,4517987,4539174,4488691,4542737,4566599,4581756,4610932,4675893,4689692,4702861,4837407,4860492,4828212,4815302,4821446,4787121,4764123,4852622,4902107,4822721,4806178,4796342,4802110,4860631,4911129,4936573,5008162,5043032,4985568,4761958,4614246,4499532,4474557,4464610,4295949,4318852,4280456,4202149,4241367,3962854,3854759,3780698,3638109,3703786,3553980,3563019,3670413,3821006,3810784,3566622,3436574,3380372,3372318,3491302,3470879,3379114,3276429,3209748,3117753,2894707,2748248,2580694,2348992,2181420,1946908,1728240,1518414,1332124,1162947,997479,859393,767933,481511,394293,312785,254982,173903,121430,196089
2041,4211495,4221358,4230176,4236861,4242393,4247922,4254636,4263019,4273236,4284978,4297373,4309750,4321703,4333399,4345371,4359052,4376612,4399155,4426327,4456108,4486172,4514904,4540779,4563678,4584141,4532335,4584757,4606529,4619415,4645843,4707809,4718096,4727946,4859537,4880535,4846481,4831727,4836031,4800185,4775660,4862344,4909897,4829104,4811366,4800597,4805159,4861842,4909931,4932785,5001856,5034690,4975789,4751863,4603963,4489084,4463564,4452814,4283961,4305531,4265900,4186251,4222843,3943319,3832809,3756102,3611422,3673115,3521540,3527203,3629709,3774107,3758825,3512716,3378764,3317316,3302586,3411315,3382836,3283922,3173510,3096106,2993174,2764917,2609638,2434359,2199514,2027071,1794125,1577965,1372246,1190336,1026239,868258,736949,647883,399164,320707,249255,198778,132425,206962
2042,4220328,4229645,4238161,4244467,4249370,4254136,4259672,4266773,4275751,4286389,4298038,4310184,4322369,4334770,4347941,4363096,4381746,4405443,4434480,4466809,4499917,4531727,4561042,4586727,4608900,4628115,4574587,4624909,4644408,4654551,4678010,4736417,4743378,4750356,4879774,4898951,4863074,4846500,4849250,4811887,4785682,4870381,4916335,4834432,4815780,4803833,4806681,4860977,4906445,4926945,4993896,5025058,4965275,4741406,4593456,4478407,4452164,4440498,4271217,4291278,4250079,4168603,4202002,3921194,3808296,3728900,3582130,3639917,3486687,3488734,3585854,3723343,3702454,3454266,3316362,3249519,3227788,3325575,3288414,3181724,3062115,2973431,2859887,2626446,2462627,2280465,2044920,1868958,1639125,1427053,1227091,1051340,894124,745325,622456,537696,325079,255908,194595,151611,221828
2043,4229838,4238599,4246542,4252535,4257044,4261174,4265943,4271863,4279557,4288955,4299500,4310903,4322854,4335491,4349374,4365744,4385886,4410707,4440930,4475154,4510829,4545700,4578106,4607236,4632195,4653123,4670663,4614956,4662994,4679740,4686919,4706847,4761882,4765971,4770859,4898372,4915686,4878006,4859899,4861100,4822066,4794010,4877055,4921709,4838988,4819173,4805547,4806138,4857835,4900911,4919478,4984662,5014696,4954392,4730718,4582715,4467320,4440239,4427395,4257554,4275769,4232498,4148682,4178452,3896469,3781149,3699033,3550369,3604243,3449222,3447242,3538323,3668228,3641323,3391125,3249235,3176739,3147543,3233585,3186988,3070996,2941742,2842097,2717571,2479481,2307924,2121228,1886470,1708459,1483360,1277072,1084671,916872,768298,630241,517229,438444,259745,200077,148646,245226
2044,4240079,4248226,4255585,4260992,4265180,4268909,4273036,4278183,4284700,4292812,4302114,4312413,4323621,4336022,4350155,4367255,4388634,4414975,4446349,4481795,4519377,4556832,4592305,4624542,4652948,4676658,4695901,4711297,4653242,4698513,4712287,4715934,4732516,4784638,4786642,4789713,4915281,4930750,4891561,4871921,4871418,4830545,4800970,4882666,4926303,4842521,4821040,4805195,4803326,4852661,4893760,4910754,4974716,5003970,4943269,4719787,4571550,4455699,4427540,4413357,4242655,4258506,4212629,4126091,4152176,3869066,3751311,3666633,3516189,3565883,3408773,3402220,3486640,3608399,3575281,3323174,3177144,3098605,3061385,3134710,3076981,2951207,2812767,2701771,2566418,2324721,2147776,1957920,1725522,1547063,1328441,1129787,946769,788672,650372,524330,422306,350807,203369,153070,258380
2045,4251107,4258581,4265302,4270115,4273697,4277097,4280821,4285326,4291065,4298001,4306017,4315068,4325179,4336838,4350742,4368106,4390238,4417843,4450765,4487393,4526208,4565591,4603667,4638974,4670491,4697639,4719663,4736752,4749815,4688938,4731216,4741461,4741765,4755462,4805459,4805652,4806870,4930512,4944426,4903733,4882407,4880026,4837643,4806867,4887499,4929874,4844524,4820840,4802572,4798493,4845894,4885369,4901330,4964421,4993003,4931881,4708417,4559850,4443308,4413912,4398056,4226032,4238964,4190076,4100817,4123096,3838931,3718910,3631743,3479400,3524452,3364835,3353196,3430459,3543712,3504202,3250167,3099727,3014652,2968712,3027369,2957863,2822755,2674842,2552642,2407138,2164434,1983454,1791937,1563561,1386436,1176182,987035,815161,668365,541714,428659,338368,275067,155823,269628
2046,4262884,4269723,4275741,4279906,4282886,4285673,4289057,4293157,4298251,4304411,4311249,4319014,4327876,4338441,4351609,4368763,4391177,4419560,4453782,4491981,4531997,4572626,4612634,4650562,4685154,4715408,4740861,4760719,4775465,4785720,4721798,4760526,4767425,4764860,4776459,4824608,4822959,4822354,4944354,4956716,4914357,4891175,4887246,4843673,4811989,4891313,4931905,4844461,4818371,4797942,4792081,4837901,4876297,4891580,4953905,4981777,4920036,4696490,4547363,4429992,4399031,4380997,4207163,4216739,4164813,4072774,4091146,3806178,3683982,3594164,3439617,3479436,3316936,3299840,3369660,3474042,3427806,3171710,3016502,2924272,2867983,2911036,2830035,2685266,2528142,2395387,2242123,1999889,1816339,1624801,1402249,1228440,1028471,850660,691521,557379,443426,343938,265712,211093,278549
2047,4275205,4281602,4286961,4290420,4292738,4294914,4297684,4301436,4306128,4311644,4317701,4324284,4331865,4341180,4353263,4369689,4391921,4420612,4455635,4495159,4536761,4578610,4619878,4659746,4696964,4730288,4758841,4782119,4799621,4811547,4818767,4751248,4786611,4790646,4785993,4795775,4842048,4838580,4836437,4956799,4967447,4923261,4898547,4893391,4848923,4816099,4893595,4931854,4842121,4813888,4791736,4784464,4829243,4866910,4881621,4943144,4970091,4907609,4683760,4533938,4415438,4382411,4361645,4185644,4191802,4136748,4041889,4056446,3770844,3646329,3553504,3396331,3430350,3264755,3242035,3304126,3399122,3345706,3087321,2926853,2825934,2758685,2786100,2693128,2538912,2373340,2232378,2072652,1832449,1647945,1458204,1243444,1075049,887212,722401,577324,456844,356264,270482,204240,323959
2048,4287874,4294027,4298920,4301709,4303313,4304814,4306970,4310107,4314454,4319557,4324974,4330778,4337170,4345209,4356047,4371404,4392924,4421466,4456818,4497164,4540114,4583562,4626063,4667200,4706362,4742307,4773930,4800292,4821203,4835869,4844747,4848374,4777457,4809937,4811893,4805432,4813370,4857797,4852800,4849127,4967683,4976451,4930763,4904841,4898753,4853155,4818686,4893802,4929521,4837771,4807835,4784336,4776200,4820287,4857335,4871436,4931942,4957828,4894349,4670074,4519254,4399146,4363513,4339586,4161431,4164054,4105816,4008283,4019031,3732732,3605566,3509254,3349073,3376851,3208173,3179686,3233614,3318542,3257365,2996353,2829211,2719113,2641193,2652175,2547282,2384358,2212799,2064847,1900116,1663624,1479983,1294074,1089125,928219,754218,603788,473754,367553,280576,208236,349478
2049,4300717,4306794,4311418,4313731,4314659,4315439,4316912,4319437,4323160,4327919,4332927,4338084,4343701,4350552,4360119,4374244,4394713,4422565,4457801,4498496,4542283,4587089,4631205,4673585,4714021,4751907,4786146,4815576,4839553,4857615,4869215,4874485,4874714,4800896,4831284,4831435,4823143,4829274,4872136,4865615,4860250,4976836,4984041,4937180,4910350,4903091,4855866,4819217,4891739,4925177,4831857,4800599,4776303,4767662,4811156,4847553,4860824,4920172,4944731,4880103,4655114,4502827,4380588,4341915,4314774,4134431,4133428,4072128,3971992,3978680,3691450,3561165,3460916,3297510,3318820,3147099,3112560,3157752,3231786,3162098,2897169,2723027,2604192,2515133,2509403,2393170,2224029,2047737,1894172,1726056,1495109,1314377,1134429,941263,789836,631087,496077,381644,289900,216335,368338
2050,4313446,4319726,4324259,4326295,4326735,4326831,4327577,4329420,4332527,4336664,4341320,4346071,4351042,4357119,4365506,4378373,4397626,4424447,4459015,4499616,4543769,4589428,4634911,4678918,4720601,4759760,4795939,4827975,4855002,4876117,4891098,4899083,4900943,4898264,4822341,4850915,4849245,4839159,4843764,4885067,4876860,4869639,4984568,4990550,4942807,4914836,4905906,4856521,4817484,4887670,4919258,4824767,4792738,4768004,4758973,4801839,4837361,4849670,4907585,4930641,4864541,4638371,4484104,4359340,4317580,4287107,4104579,4100034,4035727,3932796,3934979,3646461,3512631,3408161,3241520,3256159,3081312,3040293,3076018,3138159,3058148,2789213,2608700,2480798,2380622,2358426,2233230,2059112,1879489,1721846,1552202,1328819,1153161,981318,801759,661578,519129,400153,301424,223879,385732
2051,4325825,4332545,4337264,4339197,4339353,4338952,4339007,4340120,4342545,4346064,4350099,4354495,4359059,4364492,4372113,4383809,4401819,4427446,4461008,4500963,4545036,4591073,4637421,4682807,4726119,4766527,4803970,4837941,4867566,4891716,4909739,4921085,4925648,4924594,4919796,4842066,4868811,4865353,4853756,4856841,4896423,4886364,4877607,4991214,4996261,4947409,4917801,4906662,4854913,4813769,4882043,4912164,4817059,4784623,4759565,4750120,4792139,4826643,4837725,4894029,4915241,4847152,4619301,4462663,4335357,4290392,4256507,4071974,4063901,3996381,3890295,3887360,3597276,3459640,3350860,3181021,3188645,3010442,2962399,2987756,3035895,2944918,2672903,2485833,2349034,2238255,2201689,2068641,1890917,1709520,1549588,1380528,1166801,998396,836711,672303,544817,419285,316479,233112,402042
2052,4337643,4345016,4350150,4352266,4352307,4351610,4351170,4351589,4353279,4356112,4359528,4363306,4367513,4372541,4379524,4390466,4407322,4431727,4464116,4503085,4546528,4592498,4639235,4685502,4730200,4772234,4810920,4846144,4877695,4904434,4925471,4939849,4947762,4949397,4946225,4939594,4860052,4885001,4880046,4866938,4868341,4906035,4894445,4884494,4997061,5000946,4950496,4918707,4905155,4851321,4808521,4875252,4904452,4809109,4776386,4750979,4740907,4781928,4815154,4824836,4879179,4898013,4827379,4597468,4438447,4308521,4260274,4223068,4036643,4024815,3953697,3843932,3835306,3543550,3402051,3288913,3115784,3115887,2933999,2878223,2891235,2924401,2822875,2547838,2354538,2209478,2090398,2040334,1900690,1720912,1539494,1379330,1213129,1011119,852085,702366,554309,440562,332070,245118,419105
2053,4348788,4356925,4362692,4365217,4365427,4364611,4363867,4363787,4364782,4366879,4369608,4372767,4376356,4381029,4387611,4397927,4414047,4437317,4468507,4506326,4548796,4594151,4640834,4687501,4733085,4776498,4816814,4853272,4886065,4914717,4938331,4955710,4966639,4971619,4971127,4966120,4957648,4876334,4899771,4893318,4878542,4878100,4914220,4901445,4890598,5001886,5004114,4951526,4917358,4901667,4846202,4802123,4867861,4896506,4801048,4768014,4742052,4731203,4770974,4802740,4810675,4862526,4878397,4804768,4572812,4411339,4278748,4227325,4186823,3998382,3982370,3907109,3793198,3778451,3485138,3339762,3222079,3045419,3037376,2851339,2786061,2785876,2804147,2691591,2414119,2215383,2064470,1938120,1875616,1730826,1550739,1371319,1213149,1052140,863783,716008,579768,448805,349368,257567,438893
2054,4359221,4368159,4374671,4377819,4378435,4377776,4376906,4376523,4377015,4378418,4380408,4382876,4385847,4389903,4396139,4406062,4421572,4444129,4474209,4510853,4552183,4596581,4642656,4689287,4735276,4779577,4821262,4859342,4893359,4923238,4948751,4968694,4982614,4990605,4993447,4991114,4984263,4973996,4891192,4913122,4905006,4888402,4886428,4921326,4907659,4895688,5005198,5005224,4950307,4914038,4896657,4839943,4795144,4860253,4888453,4792870,4759308,4732651,4720779,4759113,4789076,4794745,4843508,4855931,4779246,4545203,4381251,4246144,4191560,4147549,3956790,3936009,3856104,3737728,3716637,3421933,3272525,3149964,2969441,2952435,2760755,2685345,2672128,2674703,2551170,2272326,2070760,1915043,1782588,1708926,1560685,1382300,1207038,1053171,899635,726603,591682,470006,356391,271360,460966
2055,4368875,4378687,4385976,4389865,4391090,4390831,4390111,4389597,4389787,4390684,4391980,4393711,4395992,4399429,4405053,4414641,4429775,4451745,4481133,4516684,4556855,4600127,4645267,4691291,4737253,4781953,4824528,4863970,4899596,4930689,4957411,4979244,4995711,5006687,5012538,5013528,5009349,5000703,4988922,4904632,4924891,4914949,4896830,4893678,4927647,4912865,4899274,5006460,5004087,4947113,4909203,4890514,4833107,4787964,4852558,4880285,4784369,4750145,4722542,4709478,4746026,4773661,4776482,4821664,4830544,4750686,4514555,4348280,4210720,4152768,4104835,3911309,3885210,3800304,3677366,3649737,3353670,3199928,3072040,2887182,2859271,2661661,2576508,2549552,2536164,2402222,2124900,1921679,1762341,1625103,1541869,1392159,1217635,1048746,901453,757496,601117,480230,373721,277216,485535
2056,4377793,4388431,4396575,4401231,4403188,4403532,4403207,4402843,4402898,4403493,4404276,4405315,4406860,4409608,4414621,4423609,4438421,4460038,4488859,4523739,4562835,4604965,4648986,4694093,4739453,4784123,4827095,4867419,4904391,4937083,4965006,4988038,5006383,5019893,5028723,5032718,5031858,5025880,5015717,5002429,4916488,4934909,4923461,4904178,4900146,4932956,4916567,4900826,5005477,5000978,4942411,4903237,4883798,4826079,4780719,4844763,4871794,4775420,4740281,4711570,4696972,4731208,4755924,4755432,4796924,4802107,4718988,4480952,4312432,4172264,4110545,4058114,3861439,3829602,3739553,3611989,3577476,3279921,3121434,2987620,2796863,2757294,2554505,2459118,2418238,2389115,2247304,1972859,1769268,1607623,1467166,1376285,1227268,1058825,898482,759879,627331,488479,382333,291110,505951
2057,4386039,4397441,4406391,4411893,4414610,4415673,4415950,4415975,4416184,4416636,4417121,4417645,4418498,4420506,4424839,4433227,4447454,4468773,4497264,4531603,4570035,4611107,4654004,4697997,4742446,4786518,4829449,4870167,4908009,4942032,4971543,4995764,5015294,5030679,5042034,5049006,5051144,5048489,5040987,5029312,5014365,4926600,4943500,4930894,4910744,4905607,4936767,4918238,4900149,5002534,4996362,4936587,4896710,4876896,4818991,4773401,4836665,4862854,4765784,4729563,4699411,4682755,4714097,4735421,4731518,4769155,4770517,4684239,4444408,4273492,4130363,4064322,4006868,3806809,3769033,3673727,3541310,3499396,3200137,3036334,2894856,2697898,2646973,2438849,2333241,2278730,2236101,2087466,1817334,1614771,1452344,1310499,1214154,1068106,907935,758119,630059,510357,389412,298218,529280
2058,4393696,4405783,4415474,4421774,4425326,4427144,4428133,4428755,4429352,4429956,4430299,4430525,4430861,4432182,4435776,4443497,4457142,4477895,4506112,4540139,4578048,4618469,4660316,4703203,4746547,4789700,4832035,4872702,4910927,4945808,4976636,5002428,5023139,5039702,5052924,5062418,5067532,5067870,5063689,5054676,5041333,5024556,4935280,4951009,4937540,4916304,4909574,4938548,4917682,4897531,4998089,4990634,4930208,4890007,4869938,4811839,4765799,4828140,4853223,4755293,4717658,4685546,4666275,4694245,4712081,4704621,4738263,4735855,4646431,4404692,4231052,4084469,4013581,3950719,3747256,3703357,3602526,3464862,3414883,3113590,2942741,2793145,2590775,2527858,2314755,2199407,2133538,2078145,1923886,1659589,1459631,1298205,1156981,1057533,916728,766842,629269,513233,407344,304158,549748
2059,4400897,4413531,4423888,4430923,4435262,4437908,4439645,4440978,4442171,4443160,4443652,4443736,4443776,4444580,4447492,4454485,4467482,4487671,4515347,4549121,4586736,4626643,4667858,4709706,4751945,4793995,4835409,4875469,4913634,4948889,4980556,5007658,5029924,5047662,5062052,5073405,5081038,5084353,5083168,5077470,5066786,5051607,5033324,4942883,4957736,4943178,4920376,4911514,4938108,4915188,4893433,4992545,4984355,4923659,4883258,4862914,4804411,4757789,4818946,4842734,4743629,4704066,4669430,4647085,4671581,4685774,4674646,4704330,4698121,4605342,4361385,4184534,4034056,3957946,3889485,3682638,3632276,3525460,3382048,3323169,3018318,2840054,2683020,2475033,2400026,2182735,2060072,1983615,1916394,1757886,1501088,1305535,1147028,1008552,908433,775031,637175,513171,410197,318575,567379
2060,4407785,4420827,4431709,4439404,4444469,4447891,4450448,4452526,4454427,4456018,4456892,4457123,4457023,4457530,4459930,4466253,4478539,4498105,4525241,4558494,4595867,4635497,4676205,4717434,4758640,4799584,4839891,4879022,4916572,4951752,4983783,5011706,5035276,5054557,5070118,5082636,5092131,5097958,5099747,5097041,5089666,5077153,5060454,5041022,4949707,4963457,4947331,4922419,4911243,4935731,4911220,4888254,4986460,4977910,4917069,4876452,4855621,4796575,4749136,4808914,4831065,4730282,4688219,4650606,4625110,4645987,4656414,4641681,4667364,4657078,4560519,4313908,4133422,3978746,3897238,3823025,3612657,3555296,3441926,3292095,3222151,2913713,2728825,2564025,2350742,2263978,2045250,1916142,1830039,1752135,1590984,1343535,1154297,1000730,867121,768737,644664,520204,410644,321274,589382